{
  "policy": {
    "success_rate": 1.0,
    "mean_place_error": 0.01484794156471787,
    "n": 40,
    "ci95": [
      0.9123754607496077,
      1.0
    ]
  },
  "baseline": {
    "success_rate": 1.0,
    "mean_place_error": 0.0078319147912649,
    "n": 40,
    "ci95": [
      0.9123754607496077,
      1.0
    ]
  }
}