{
  "policy": {
    "success_rate": 0.975,
    "mean_place_error": 0.020381650776256633,
    "n": 40,
    "ci95": [
      0.8711834051199223,
      0.9955732825922052
    ]
  },
  "baseline": {
    "success_rate": 1.0,
    "mean_place_error": 0.0078319147912649,
    "n": 40,
    "ci95": [
      0.9123754607496077,
      1.0
    ]
  }
}