{
  "policy": {
    "success_rate": 0.875,
    "mean_place_error": 0.04981868106409658,
    "n": 40,
    "ci95": [
      0.7388757932976187,
      0.9454058022645873
    ]
  },
  "baseline": {
    "success_rate": 1.0,
    "mean_place_error": 0.0078319147912649,
    "n": 40,
    "ci95": [
      0.9123754607496077,
      1.0
    ]
  }
}