{
  "policy": {
    "success_rate": 0.825,
    "mean_place_error": 0.05751286778413043,
    "n": 40,
    "ci95": [
      0.6804970794560756,
      0.9125469700311692
    ]
  },
  "baseline": {
    "success_rate": 1.0,
    "mean_place_error": 0.0078319147912649,
    "n": 40,
    "ci95": [
      0.9123754607496077,
      1.0
    ]
  }
}