{
  "policy": {
    "success_rate": 0.6,
    "mean_place_error": 0.17994359233530663,
    "n": 40,
    "ci95": [
      0.445956198273935,
      0.7365188938759863
    ]
  },
  "baseline": {
    "success_rate": 1.0,
    "mean_place_error": 0.009441358157089168,
    "n": 40,
    "ci95": [
      0.9123754607496077,
      1.0
    ]
  }
}